"driver","team","lap_number","lap_time","position","compound","track_status"
"VER","Red Bull Racing","1","0 days 00:01:30.827000","4","SOFT","1"
"VER","Red Bull Racing","2","0 days 00:01:26.401000","3","SOFT","1"
"VER","Red Bull Racing","3","0 days 00:01:26.181000","3","SOFT","1"
"VER","Red Bull Racing","4","0 days 00:01:25.782000","3","SOFT","1"
"VER","Red Bull Racing","5","0 days 00:01:25.512000","2","SOFT","1"
"VER","Red Bull Racing","6","0 days 00:01:25.660000","2","SOFT","1"
"VER","Red Bull Racing","7","0 days 00:01:25.297000","2","SOFT","1"
"VER","Red Bull Racing","8","0 days 00:01:25.618000","2","SOFT","1"
"VER","Red Bull Racing","9","0 days 00:01:25.886000","2","SOFT","1"
"VER","Red Bull Racing","10","0 days 00:01:25.953000","2","SOFT","1"
"VER","Red Bull Racing","11","0 days 00:01:25.858000","2","SOFT","1"
"VER","Red Bull Racing","12","0 days 00:01:47.245000","1","SOFT","1267"
"VER","Red Bull Racing","13","0 days 00:01:28.719000","1","SOFT","71"
"VER","Red Bull Racing","14","0 days 00:01:25.615000","1","SOFT","1"
"VER","Red Bull Racing","15","0 days 00:01:25.794000","1","SOFT","1"
"VER","Red Bull Racing","16","0 days 00:01:25.903000","1","SOFT","1"
"VER","Red Bull Racing","17","0 days 00:01:25.870000","1","SOFT","1"
"VER","Red Bull Racing","18","0 days 00:01:25.985000","1","SOFT","1"
"VER","Red Bull Racing","19","0 days 00:01:25.799000","1","SOFT","1"
"VER","Red Bull Racing","20","0 days 00:01:25.750000","1","SOFT","1"
"VER","Red Bull Racing","21","0 days 00:01:25.790000","1","SOFT","1"
"VER","Red Bull Racing","22","0 days 00:01:25.901000","1","SOFT","1"
"VER","Red Bull Racing","23","0 days 00:01:25.719000","1","SOFT","1"
"VER","Red Bull Racing","24","0 days 00:01:25.800000","1","SOFT","1"
"VER","Red Bull Racing","25","0 days 00:01:29.712000","1","SOFT","1"
"VER","Red Bull Racing","26","0 days 00:01:45.038000","2","MEDIUM","1"
"VER","Red Bull Racing","27","0 days 00:01:25.012000","2","MEDIUM","1"
"VER","Red Bull Racing","28","0 days 00:01:25.190000","2","MEDIUM","1"
"VER","Red Bull Racing","29","0 days 00:01:24.829000","2","MEDIUM","1"
"VER","Red Bull Racing","30","0 days 00:01:24.798000","2","MEDIUM","1"
"VER","Red Bull Racing","31","0 days 00:01:25.071000","2","MEDIUM","1"
"VER","Red Bull Racing","32","0 days 00:01:24.918000","2","MEDIUM","1"
"VER","Red Bull Racing","33","0 days 00:01:25.095000","2","MEDIUM","1"
"VER","Red Bull Racing","34","0 days 00:01:24.857000","1","MEDIUM","1"
"VER","Red Bull Racing","35","0 days 00:01:24.831000","1","MEDIUM","1"
"VER","Red Bull Racing","36","0 days 00:01:24.919000","1","MEDIUM","1"
"VER","Red Bull Racing","37","0 days 00:01:24.829000","1","MEDIUM","1"
"VER","Red Bull Racing","38","0 days 00:01:24.745000","1","MEDIUM","1"
"VER","Red Bull Racing","39","0 days 00:01:24.815000","1","MEDIUM","1"
"VER","Red Bull Racing","40","0 days 00:01:24.905000","1","MEDIUM","1"
"VER","Red Bull Racing","41","0 days 00:01:25.078000","1","MEDIUM","1"
"VER","Red Bull Racing","42","0 days 00:01:24.926000","1","MEDIUM","1"
"VER","Red Bull Racing","43","0 days 00:01:25.010000","1","MEDIUM","1"
"VER","Red Bull Racing","44","0 days 00:01:25.122000","1","MEDIUM","1"
"VER","Red Bull Racing","45","0 days 00:01:24.824000","1","MEDIUM","1"
"VER","Red Bull Racing","46","0 days 00:01:25.257000","1","MEDIUM","1"
"VER","Red Bull Racing","47","0 days 00:01:24.750000","1","MEDIUM","12"
"VER","Red Bull Racing","48","0 days 00:01:52.443000","1","MEDIUM","24"
"VER","Red Bull Racing","49","0 days 00:02:14.689000","1","SOFT","4"
"VER","Red Bull Racing","50","0 days 00:01:40.364000","1","SOFT","4"
"VER","Red Bull Racing","51","0 days 00:02:16.259000","1","SOFT","4"
"VER","Red Bull Racing","52","0 days 00:02:23.993000","1","SOFT","4"
"VER","Red Bull Racing","53","0 days 00:02:12.367000","1","SOFT","4"
"GAS","AlphaTauri","1","0 days 00:01:31.681000","5","MEDIUM","1"
"GAS","AlphaTauri","2","0 days 00:01:28.201000","5","MEDIUM","1"
"GAS","AlphaTauri","3","0 days 00:01:27.625000","5","MEDIUM","1"
"GAS","AlphaTauri","4","0 days 00:01:27.365000","5","MEDIUM","1"
"GAS","AlphaTauri","5","0 days 00:01:27.534000","5","MEDIUM","1"
"GAS","AlphaTauri","6","0 days 00:01:27.316000","5","MEDIUM","1"
"GAS","AlphaTauri","7","0 days 00:01:27.368000","5","MEDIUM","1"
"GAS","AlphaTauri","8","0 days 00:01:27.232000","5","MEDIUM","1"
"GAS","AlphaTauri","9","0 days 00:01:27.534000","5","MEDIUM","1"
"GAS","AlphaTauri","10","0 days 00:01:27.606000","5","MEDIUM","1"
"GAS","AlphaTauri","11","0 days 00:01:27.449000","5","MEDIUM","12"
"GAS","AlphaTauri","12","0 days 00:01:50.771000","6","MEDIUM","2671"
"GAS","AlphaTauri","13","0 days 00:01:28.402000","6","MEDIUM","1"
"GAS","AlphaTauri","14","0 days 00:01:28.309000","6","MEDIUM","1"
"GAS","AlphaTauri","15","0 days 00:01:27.628000","6","MEDIUM","1"
"GAS","AlphaTauri","16","0 days 00:01:27.528000","6","MEDIUM","1"
"GAS","AlphaTauri","17","0 days 00:01:27.722000","6","MEDIUM","1"
"GAS","AlphaTauri","18","0 days 00:01:31.609000","9","MEDIUM","1"
"GAS","AlphaTauri","19","0 days 00:01:48.908000","16","HARD","1"
"GAS","AlphaTauri","20","0 days 00:01:27.469000","13","HARD","1"
"GAS","AlphaTauri","21","0 days 00:01:27.447000","13","HARD","1"
"GAS","AlphaTauri","22","0 days 00:01:27.330000","13","HARD","1"
"GAS","AlphaTauri","23","0 days 00:01:26.946000","13","HARD","1"
"GAS","AlphaTauri","24","0 days 00:01:27.026000","12","HARD","1"
"GAS","AlphaTauri","25","0 days 00:01:27.074000","12","HARD","1"
"GAS","AlphaTauri","26","0 days 00:01:27.196000","12","HARD","1"
"GAS","AlphaTauri","27","0 days 00:01:26.916000","12","HARD","1"
"GAS","AlphaTauri","28","0 days 00:01:26.891000","12","HARD","1"
"GAS","AlphaTauri","29","0 days 00:01:27.108000","12","HARD","1"
"GAS","AlphaTauri","30","0 days 00:01:26.718000","12","HARD","1"
"GAS","AlphaTauri","31","0 days 00:01:27.564000","12","HARD","1"
"GAS","AlphaTauri","32","0 days 00:01:27.509000","11","HARD","1"
"GAS","AlphaTauri","33","0 days 00:01:27.080000","11","HARD","1"
"GAS","AlphaTauri","34","0 days 00:01:27.093000","9","HARD","1"
"GAS","AlphaTauri","35","0 days 00:01:27.023000","8","HARD","1"
"GAS","AlphaTauri","36","0 days 00:01:28.619000","8","HARD","1"
"GAS","AlphaTauri","37","0 days 00:01:27.632000","9","HARD","1"
"GAS","AlphaTauri","38","0 days 00:01:27.047000","9","HARD","1"
"GAS","AlphaTauri","39","0 days 00:01:26.932000","9","HARD","1"
"GAS","AlphaTauri","40","0 days 00:01:26.949000","9","HARD","1"
"GAS","AlphaTauri","41","0 days 00:01:26.721000","9","HARD","1"
"GAS","AlphaTauri","42","0 days 00:01:26.817000","9","HARD","1"
"GAS","AlphaTauri","43","0 days 00:01:26.734000","9","HARD","1"
"GAS","AlphaTauri","44","0 days 00:01:27.055000","9","HARD","1"
"GAS","AlphaTauri","45","0 days 00:01:28.377000","9","HARD","1"
"GAS","AlphaTauri","46","0 days 00:01:26.744000","8","HARD","12"
"GAS","AlphaTauri","47","0 days 00:01:50.410000","8","HARD","24"
"GAS","AlphaTauri","48","0 days 00:01:58.291000","8","HARD","4"
"GAS","AlphaTauri","49","0 days 00:01:45.775000","8","HARD","4"
"GAS","AlphaTauri","50","0 days 00:02:02.698000","8","HARD","4"
"GAS","AlphaTauri","51","0 days 00:01:31.926000","8","HARD","4"
"GAS","AlphaTauri","52","0 days 00:01:29.512000","8","HARD","4"
"GAS","AlphaTauri","53","0 days 00:02:03.490000","8","HARD","4"
"PER","Red Bull Racing","1","0 days 00:01:36.234000","15","MEDIUM","1"
"PER","Red Bull Racing","2","0 days 00:01:30.459000","16","MEDIUM","1"
"PER","Red Bull Racing","3","0 days 00:01:27.557000","15","MEDIUM","1"
"PER","Red Bull Racing","4","0 days 00:01:27.263000","14","MEDIUM","1"
"PER","Red Bull Racing","5","0 days 00:01:27.266000","14","MEDIUM","1"
"PER","Red Bull Racing","6","0 days 00:01:27.535000","13","MEDIUM","1"
"PER","Red Bull Racing","7","0 days 00:01:32.185000","18","MEDIUM","1"
"PER","Red Bull Racing","8","0 days 00:01:47.579000","20","HARD","1"
"PER","Red Bull Racing","9","0 days 00:01:27.176000","20","HARD","1"
"PER","Red Bull Racing","10","0 days 00:01:26.794000","20","HARD","1"
"PER","Red Bull Racing","11","0 days 00:01:35.458000","19","HARD","126"
"PER","Red Bull Racing","12","0 days 00:01:40.780000","19","HARD","671"
"PER","Red Bull Racing","13","0 days 00:01:26.068000","19","HARD","1"
"PER","Red Bull Racing","14","0 days 00:01:26.154000","19","HARD","1"
"PER","Red Bull Racing","15","0 days 00:01:26.102000","19","HARD","1"
"PER","Red Bull Racing","16","0 days 00:01:26.205000","18","HARD","1"
"PER","Red Bull Racing","17","0 days 00:01:25.969000","18","HARD","1"
"PER","Red Bull Racing","18","0 days 00:01:26.902000","18","HARD","1"
"PER","Red Bull Racing","19","0 days 00:01:26.315000","15","HARD","1"
"PER","Red Bull Racing","20","0 days 00:01:26.346000","10","HARD","1"
"PER","Red Bull Racing","21","0 days 00:01:27.185000","10","HARD","1"
"PER","Red Bull Racing","22","0 days 00:01:26.750000","9","HARD","1"
"PER","Red Bull Racing","23","0 days 00:01:27.262000","9","HARD","1"
"PER","Red Bull Racing","24","0 days 00:01:26.742000","8","HARD","1"
"PER","Red Bull Racing","25","0 days 00:01:26.109000","8","HARD","1"
"PER","Red Bull Racing","26","0 days 00:01:26.255000","8","HARD","1"
"PER","Red Bull Racing","27","0 days 00:01:26.130000","8","HARD","1"
"PER","Red Bull Racing","28","0 days 00:01:26.084000","8","HARD","1"
"PER","Red Bull Racing","29","0 days 00:01:26.096000","8","HARD","1"
"PER","Red Bull Racing","30","0 days 00:01:26.190000","8","HARD","1"
"PER","Red Bull Racing","31","0 days 00:01:26.351000","6","HARD","1"
"PER","Red Bull Racing","32","0 days 00:01:25.985000","6","HARD","1"
"PER","Red Bull Racing","33","0 days 00:01:27.146000","6","HARD","1"
"PER","Red Bull Racing","34","0 days 00:01:26.172000","6","HARD","1"
"PER","Red Bull Racing","35","0 days 00:01:26.025000","6","HARD","1"
"PER","Red Bull Racing","36","0 days 00:01:26.165000","5","HARD","1"
"PER","Red Bull Racing","37","0 days 00:01:25.933000","5","HARD","1"
"PER","Red Bull Racing","38","0 days 00:01:25.868000","5","HARD","1"
"PER","Red Bull Racing","39","0 days 00:01:25.570000","5","HARD","1"
"PER","Red Bull Racing","40","0 days 00:01:25.572000","5","HARD","1"
"PER","Red Bull Racing","41","0 days 00:01:25.700000","5","HARD","1"
"PER","Red Bull Racing","42","0 days 00:01:29.491000","5","HARD","1"
"PER","Red Bull Racing","43","0 days 00:01:44","7","SOFT","1"
"PER","Red Bull Racing","44","0 days 00:01:24.457000","7","SOFT","1"
"PER","Red Bull Racing","45","0 days 00:01:24.566000","7","SOFT","1"
"PER","Red Bull Racing","46","0 days 00:01:24.030000","7","SOFT","12"
"PER","Red Bull Racing","47","0 days 00:01:43.427000","7","SOFT","24"
"PER","Red Bull Racing","48","0 days 00:02:00.013000","6","SOFT","4"
"PER","Red Bull Racing","49","0 days 00:02:04.016000","6","SOFT","4"
"PER","Red Bull Racing","50","0 days 00:02:03.446000","6","SOFT","4"
"PER","Red Bull Racing","51","0 days 00:01:33.801000","6","SOFT","4"
"PER","Red Bull Racing","52","0 days 00:01:27.911000","6","SOFT","4"
"PER","Red Bull Racing","53","0 days 00:02:06.807000","6","SOFT","4"
"ALO","Alpine","1","0 days 00:01:33.058000","7","MEDIUM","1"
"ALO","Alpine","2","0 days 00:01:28.272000","7","MEDIUM","1"
"ALO","Alpine","3","0 days 00:01:27.607000","7","MEDIUM","1"
"ALO","Alpine","4","0 days 00:01:27.417000","7","MEDIUM","1"
"ALO","Alpine","5","0 days 00:01:27.502000","7","MEDIUM","1"
"ALO","Alpine","6","0 days 00:01:27.446000","7","MEDIUM","1"
"ALO","Alpine","7","0 days 00:01:27.203000","7","MEDIUM","1"
"ALO","Alpine","8","0 days 00:01:27.415000","7","MEDIUM","1"
"ALO","Alpine","9","0 days 00:01:27.487000","7","MEDIUM","1"
"ALO","Alpine","10","0 days 00:01:27.975000","8","MEDIUM","1"
"ALO","Alpine","11","0 days 00:01:27.748000","8","MEDIUM","12"
"ALO","Alpine","12","0 days 00:01:50.187000","8","MEDIUM","2671"
"ALO","Alpine","13","0 days 00:01:27.450000","7","MEDIUM","1"
"ALO","Alpine","14","0 days 00:01:28.185000","7","MEDIUM","1"
"ALO","Alpine","15","0 days 00:01:27.867000","7","MEDIUM","1"
"ALO","Alpine","16","0 days 00:01:27.472000","7","MEDIUM","1"
"ALO","Alpine","17","0 days 00:01:27.682000","7","MEDIUM","1"
"ALO","Alpine","18","0 days 00:01:28.351000","7","MEDIUM","1"
"ALO","Alpine","19","0 days 00:01:27.324000","6","MEDIUM","1"
"ALO","Alpine","20","0 days 00:01:27.728000","6","MEDIUM","1"
"ALO","Alpine","21","0 days 00:01:27.668000","6","MEDIUM","1"
"ALO","Alpine","22","0 days 00:01:27.615000","6","MEDIUM","1"
"ALO","Alpine","23","0 days 00:01:28.055000","6","MEDIUM","1"
"ALO","Alpine","24","0 days 00:01:27.830000","6","MEDIUM","1"
"ALO","Alpine","25","0 days 00:01:27.452000","6","MEDIUM","1"
"ALO","Alpine","26","0 days 00:01:27.583000","6","MEDIUM","1"
"ALO","Alpine","27","0 days 00:01:28.363000","7","MEDIUM","1"
"ALO","Alpine","28","0 days 00:01:27.865000","7","MEDIUM","1"
"ALO","Alpine","29","0 days 00:01:27.698000","7","MEDIUM","1"
"ALO","Alpine","30","0 days 00:01:27.385000","7","MEDIUM","1"
"ALO","Alpine","31","0 days 00:01:33.429000","8","MEDIUM","1"
"LEC","Ferrari","1","0 days 00:01:28.085000","1","SOFT","1"
"LEC","Ferrari","2","0 days 00:01:26.535000","1","SOFT","1"
"LEC","Ferrari","3","0 days 00:01:26.352000","1","SOFT","1"
"LEC","Ferrari","4","0 days 00:01:25.802000","1","SOFT","1"
"LEC","Ferrari","5","0 days 00:01:25.902000","1","SOFT","1"
"LEC","Ferrari","6","0 days 00:01:25.559000","1","SOFT","1"
"LEC","Ferrari","7","0 days 00:01:25.467000","1","SOFT","1"
"LEC","Ferrari","8","0 days 00:01:25.784000","1","SOFT","1"
"LEC","Ferrari","9","0 days 00:01:26.092000","1","SOFT","1"
"LEC","Ferrari","10","0 days 00:01:26.266000","1","SOFT","1"
"LEC","Ferrari","11","0 days 00:01:25.796000","1","SOFT","1"
"LEC","Ferrari","12","0 days 00:01:49.019000","2","SOFT","1267"
"LEC","Ferrari","13","0 days 00:01:46.038000","3","MEDIUM","71"
"LEC","Ferrari","14","0 days 00:01:25.257000","3","MEDIUM","1"
"LEC","Ferrari","15","0 days 00:01:25.631000","3","MEDIUM","1"
"LEC","Ferrari","16","0 days 00:01:25.428000","3","MEDIUM","1"
"LEC","Ferrari","17","0 days 00:01:25.145000","3","MEDIUM","1"
"LEC","Ferrari","18","0 days 00:01:25.428000","3","MEDIUM","1"
"LEC","Ferrari","19","0 days 00:01:25.664000","3","MEDIUM","1"
"LEC","Ferrari","20","0 days 00:01:25.525000","3","MEDIUM","1"
"LEC","Ferrari","21","0 days 00:01:25.473000","3","MEDIUM","1"
"LEC","Ferrari","22","0 days 00:01:25.641000","3","MEDIUM","1"
"LEC","Ferrari","23","0 days 00:01:25.471000","2","MEDIUM","1"
"LEC","Ferrari","24","0 days 00:01:25.365000","2","MEDIUM","1"
"LEC","Ferrari","25","0 days 00:01:25.225000","2","MEDIUM","1"
"LEC","Ferrari","26","0 days 00:01:25.507000","1","MEDIUM","1"
"LEC","Ferrari","27","0 days 00:01:26.040000","1","MEDIUM","1"
"LEC","Ferrari","28","0 days 00:01:25.683000","1","MEDIUM","1"
"LEC","Ferrari","29","0 days 00:01:25.512000","1","MEDIUM","1"
"LEC","Ferrari","30","0 days 00:01:25.602000","1","MEDIUM","1"
"LEC","Ferrari","31","0 days 00:01:25.769000","1","MEDIUM","1"
"LEC","Ferrari","32","0 days 00:01:25.962000","1","MEDIUM","1"
"LEC","Ferrari","33","0 days 00:01:30.030000","1","MEDIUM","1"
"LEC","Ferrari","34","0 days 00:01:45.007000","2","SOFT","1"
"LEC","Ferrari","35","0 days 00:01:25.228000","2","SOFT","1"
"LEC","Ferrari","36","0 days 00:01:24.908000","2","SOFT","1"
"LEC","Ferrari","37","0 days 00:01:24.510000","2","SOFT","1"
"LEC","Ferrari","38","0 days 00:01:24.336000","2","SOFT","1"
"LEC","Ferrari","39","0 days 00:01:24.411000","2","SOFT","1"
"LEC","Ferrari","40","0 days 00:01:24.745000","2","SOFT","1"
"LEC","Ferrari","41","0 days 00:01:24.522000","2","SOFT","1"
"LEC","Ferrari","42","0 days 00:01:24.612000","2","SOFT","1"
"LEC","Ferrari","43","0 days 00:01:24.532000","2","SOFT","1"
"LEC","Ferrari","44","0 days 00:01:24.793000","2","SOFT","1"
"LEC","Ferrari","45","0 days 00:01:25.170000","2","SOFT","1"
"LEC","Ferrari","46","0 days 00:01:24.452000","2","SOFT","1"
"LEC","Ferrari","47","0 days 00:01:25.325000","2","SOFT","12"
"LEC","Ferrari","48","0 days 00:01:58.392000","2","SOFT","24"
"LEC","Ferrari","49","0 days 00:02:14.508000","2","SOFT","4"
"LEC","Ferrari","50","0 days 00:01:39.418000","2","SOFT","4"
"LEC","Ferrari","51","0 days 00:01:57.073000","2","SOFT","4"
"LEC","Ferrari","52","0 days 00:02:23.218000","2","SOFT","4"
"LEC","Ferrari","53","0 days 00:02:12.742000","2","SOFT","4"
"STR","Aston Martin","1","0 days 00:01:34.774000","11","MEDIUM","1"
"STR","Aston Martin","2","0 days 00:01:28.722000","10","MEDIUM","1"
"STR","Aston Martin","3","0 days 00:01:28.096000","10","MEDIUM","1"
"STR","Aston Martin","4","0 days 00:01:27.618000","10","MEDIUM","1"
"STR","Aston Martin","5","0 days 00:01:27.637000","10","MEDIUM","1"
"STR","Aston Martin","6","0 days 00:01:28.499000","11","MEDIUM","1"
"STR","Aston Martin","7","0 days 00:01:27.694000","11","MEDIUM","1"
"STR","Aston Martin","8","0 days 00:01:27.783000","11","MEDIUM","1"
"STR","Aston Martin","9","0 days 00:01:27.902000","11","MEDIUM","1"
"STR","Aston Martin","10","0 days 00:01:28.014000","11","MEDIUM","1"
"STR","Aston Martin","11","0 days 00:01:28.112000","11","MEDIUM","12"
"STR","Aston Martin","12","0 days 00:01:50.745000","11","MEDIUM","2671"
"STR","Aston Martin","13","0 days 00:01:27.931000","11","MEDIUM","1"
"STR","Aston Martin","14","0 days 00:01:27.527000","11","MEDIUM","1"
"STR","Aston Martin","15","0 days 00:01:27.915000","11","MEDIUM","1"
"STR","Aston Martin","16","0 days 00:01:27.824000","11","MEDIUM","1"
"STR","Aston Martin","17","0 days 00:01:28.819000","12","MEDIUM","1"
"STR","Aston Martin","18","0 days 00:01:32.349000","14","MEDIUM","1"
"STR","Aston Martin","19","0 days 00:01:48.132000","18","HARD","1"
"STR","Aston Martin","20","0 days 00:01:28.510000","17","HARD","1"
"STR","Aston Martin","21","0 days 00:01:28.442000","18","HARD","1"
"STR","Aston Martin","22","0 days 00:01:27.815000","18","HARD","1"
"STR","Aston Martin","23","0 days 00:01:27.595000","18","HARD","1"
"STR","Aston Martin","24","0 days 00:01:28.746000","19","HARD","1"
"STR","Aston Martin","25","0 days 00:01:27.749000","18","HARD","1"
"STR","Aston Martin","26","0 days 00:01:27.704000","18","HARD","1"
"STR","Aston Martin","27","0 days 00:01:27.491000","18","HARD","1"
"STR","Aston Martin","28","0 days 00:01:27.687000","18","HARD","1"
"STR","Aston Martin","29","0 days 00:01:27.583000","18","HARD","1"
"STR","Aston Martin","30","0 days 00:01:27.499000","18","HARD","1"
"STR","Aston Martin","31","0 days 00:01:27.761000","18","HARD","1"
"STR","Aston Martin","32","0 days 00:01:27.641000","17","HARD","1"
"STR","Aston Martin","33","0 days 00:01:27.500000","17","HARD","1"
"STR","Aston Martin","34","0 days 00:01:27.467000","16","HARD","1"
"STR","Aston Martin","35","0 days 00:01:28.234000","17","HARD","1"
"STR","Aston Martin","36","0 days 00:01:28.569000","16","HARD","1"
"STR","Aston Martin","37","0 days 00:01:28.318000","17","HARD","1"
"STR","Aston Martin","38","0 days 00:01:27.475000","17","HARD","1"
"STR","Aston Martin","39","0 days 00:01:34.274000","17","HARD","1"
"MAG","Haas F1 Team","1","0 days 00:01:35.277000","12","MEDIUM","1"
"MAG","Haas F1 Team","2","0 days 00:01:29.935000","13","MEDIUM","1"
"MAG","Haas F1 Team","3","0 days 00:01:28.221000","13","MEDIUM","1"
"MAG","Haas F1 Team","4","0 days 00:01:29.212000","15","MEDIUM","1"
"MAG","Haas F1 Team","5","0 days 00:01:28.126000","15","MEDIUM","1"
"MAG","Haas F1 Team","6","0 days 00:01:27.918000","15","MEDIUM","1"
"MAG","Haas F1 Team","7","0 days 00:01:27.833000","14","MEDIUM","1"
"MAG","Haas F1 Team","8","0 days 00:01:28.877000","15","MEDIUM","1"
"MAG","Haas F1 Team","9","0 days 00:01:28.644000","16","MEDIUM","1"
"MAG","Haas F1 Team","10","0 days 00:01:27.835000","16","MEDIUM","1"
"MAG","Haas F1 Team","11","0 days 00:01:28.421000","15","MEDIUM","12"
"MAG","Haas F1 Team","12","0 days 00:01:50.858000","15","MEDIUM","2671"
"MAG","Haas F1 Team","13","0 days 00:01:28.457000","16","MEDIUM","1"
"MAG","Haas F1 Team","14","0 days 00:01:28.137000","16","MEDIUM","1"
"MAG","Haas F1 Team","15","0 days 00:01:28.232000","15","MEDIUM","1"
"MAG","Haas F1 Team","16","0 days 00:01:28.755000","16","MEDIUM","1"
"MAG","Haas F1 Team","17","0 days 00:01:28.144000","16","MEDIUM","1"
"MAG","Haas F1 Team","18","0 days 00:01:28.771000","17","MEDIUM","1"
"MAG","Haas F1 Team","19","0 days 00:01:27.880000","14","MEDIUM","1"
"MAG","Haas F1 Team","20","0 days 00:01:29.423000","11","MEDIUM","1"
"MAG","Haas F1 Team","21","0 days 00:01:28.625000","11","MEDIUM","1"
"MAG","Haas F1 Team","22","0 days 00:01:28.395000","11","MEDIUM","1"
"MAG","Haas F1 Team","23","0 days 00:01:28.011000","11","MEDIUM","1"
"MAG","Haas F1 Team","24","0 days 00:01:32.278000","14","MEDIUM","1"
"MAG","Haas F1 Team","25","0 days 00:01:54.426000","19","HARD","1"
"MAG","Haas F1 Team","26","0 days 00:01:27.631000","19","HARD","1"
"MAG","Haas F1 Team","27","0 days 00:01:28.535000","19","HARD","1"
"MAG","Haas F1 Team","28","0 days 00:01:27.082000","19","HARD","1"
"MAG","Haas F1 Team","29","0 days 00:01:26.853000","19","HARD","1"
"MAG","Haas F1 Team","30","0 days 00:01:27.200000","19","HARD","1"
"MAG","Haas F1 Team","31","0 days 00:01:27.763000","19","HARD","1"
"MAG","Haas F1 Team","32","0 days 00:01:26.976000","18","HARD","1"
"MAG","Haas F1 Team","33","0 days 00:01:27.203000","18","HARD","1"
"MAG","Haas F1 Team","34","0 days 00:01:27.087000","18","HARD","1"
"MAG","Haas F1 Team","35","0 days 00:01:27.034000","18","HARD","1"
"MAG","Haas F1 Team","36","0 days 00:01:27.156000","18","HARD","1"
"MAG","Haas F1 Team","37","0 days 00:01:26.798000","18","HARD","1"
"MAG","Haas F1 Team","38","0 days 00:01:27.075000","18","HARD","1"
"MAG","Haas F1 Team","39","0 days 00:01:27.498000","18","HARD","1"
"MAG","Haas F1 Team","40","0 days 00:01:27.061000","17","HARD","1"
"MAG","Haas F1 Team","41","0 days 00:01:27.645000","17","HARD","1"
"MAG","Haas F1 Team","42","0 days 00:01:27.416000","17","HARD","1"
"MAG","Haas F1 Team","43","0 days 00:01:28.341000","17","HARD","1"
"MAG","Haas F1 Team","44","0 days 00:01:27.224000","17","HARD","1"
"MAG","Haas F1 Team","45","0 days 00:01:27.573000","17","HARD","1"
"MAG","Haas F1 Team","46","0 days 00:01:37.824000","16","HARD","124"
"MAG","Haas F1 Team","47","0 days 00:02:25.263000","16","SOFT","4"
"MAG","Haas F1 Team","48","0 days 00:02:17.528000","16","SOFT","4"
"MAG","Haas F1 Team","49","0 days 00:02:04.196000","16","SOFT","4"
"MAG","Haas F1 Team","50","0 days 00:01:33.236000","16","SOFT","4"
"MAG","Haas F1 Team","51","0 days 00:01:28.536000","16","SOFT","4"
"MAG","Haas F1 Team","52","0 days 00:02:07.732000","16","SOFT","4"
"TSU","AlphaTauri","1","0 days 00:01:37.420000","18","MEDIUM","1"
"TSU","AlphaTauri","2","0 days 00:01:29.541000","17","MEDIUM","1"
"TSU","AlphaTauri","3","0 days 00:01:29.333000","17","MEDIUM","1"
"TSU","AlphaTauri","4","0 days 00:01:28.198000","17","MEDIUM","1"
"TSU","AlphaTauri","5","0 days 00:01:27.638000","17","MEDIUM","1"
"TSU","AlphaTauri","6","0 days 00:01:27.372000","17","MEDIUM","1"
"TSU","AlphaTauri","7","0 days 00:01:27.550000","15","MEDIUM","1"
"TSU","AlphaTauri","8","0 days 00:01:27.331000","14","MEDIUM","1"
"TSU","AlphaTauri","9","0 days 00:01:27.578000","14","MEDIUM","1"
"TSU","AlphaTauri","10","0 days 00:01:27.564000","14","MEDIUM","1"
"TSU","AlphaTauri","11","0 days 00:01:28.534000","14","MEDIUM","12"
"TSU","AlphaTauri","12","0 days 00:01:51.102000","14","MEDIUM","2671"
"TSU","AlphaTauri","13","0 days 00:01:27.377000","14","MEDIUM","1"
"TSU","AlphaTauri","14","0 days 00:01:27.591000","14","MEDIUM","1"
"TSU","AlphaTauri","15","0 days 00:01:27.510000","14","MEDIUM","1"
"TSU","AlphaTauri","16","0 days 00:01:27.405000","14","MEDIUM","1"
"TSU","AlphaTauri","17","0 days 00:01:27.500000","14","MEDIUM","1"
"TSU","AlphaTauri","18","0 days 00:01:27.927000","13","MEDIUM","1"
"TSU","AlphaTauri","19","0 days 00:01:32.068000","12","MEDIUM","1"
"TSU","AlphaTauri","20","0 days 00:01:48.269000","18","HARD","1"
"TSU","AlphaTauri","21","0 days 00:01:27.243000","17","HARD","1"
"TSU","AlphaTauri","22","0 days 00:01:27.530000","17","HARD","1"
"TSU","AlphaTauri","23","0 days 00:01:27.272000","17","HARD","1"
"TSU","AlphaTauri","24","0 days 00:01:27.256000","17","HARD","1"
"TSU","AlphaTauri","25","0 days 00:01:27.329000","16","HARD","1"
"TSU","AlphaTauri","26","0 days 00:01:27.372000","16","HARD","1"
"TSU","AlphaTauri","27","0 days 00:01:27.217000","16","HARD","1"
"TSU","AlphaTauri","28","0 days 00:01:26.897000","16","HARD","1"
"TSU","AlphaTauri","29","0 days 00:01:27.083000","16","HARD","1"
"TSU","AlphaTauri","30","0 days 00:01:27.186000","16","HARD","1"
"TSU","AlphaTauri","31","0 days 00:01:27.227000","16","HARD","1"
"TSU","AlphaTauri","32","0 days 00:01:27.075000","15","HARD","1"
"TSU","AlphaTauri","33","0 days 00:01:27.032000","15","HARD","1"
"TSU","AlphaTauri","34","0 days 00:01:27.105000","14","HARD","1"
"TSU","AlphaTauri","35","0 days 00:01:27.017000","14","HARD","1"
"TSU","AlphaTauri","36","0 days 00:01:27.043000","13","HARD","1"
"TSU","AlphaTauri","37","0 days 00:01:27.075000","13","HARD","1"
"TSU","AlphaTauri","38","0 days 00:01:26.930000","13","HARD","1"
"TSU","AlphaTauri","39","0 days 00:01:26.990000","13","HARD","1"
"TSU","AlphaTauri","40","0 days 00:01:27.860000","13","HARD","1"
"TSU","AlphaTauri","41","0 days 00:01:27.268000","13","HARD","1"
"TSU","AlphaTauri","42","0 days 00:01:27.286000","13","HARD","1"
"TSU","AlphaTauri","43","0 days 00:01:26.857000","13","HARD","1"
"TSU","AlphaTauri","44","0 days 00:01:27.136000","13","HARD","1"
"TSU","AlphaTauri","45","0 days 00:01:27.877000","14","HARD","1"
"TSU","AlphaTauri","46","0 days 00:01:27.742000","13","HARD","12"
"TSU","AlphaTauri","47","0 days 00:01:57.816000","14","HARD","24"
"TSU","AlphaTauri","48","0 days 00:02:15.298000","14","SOFT","4"
"TSU","AlphaTauri","49","0 days 00:01:32.703000","14","SOFT","4"
"TSU","AlphaTauri","50","0 days 00:02:04.291000","14","SOFT","4"
"TSU","AlphaTauri","51","0 days 00:02:23.787000","14","SOFT","4"
"TSU","AlphaTauri","52","0 days 00:02:12.263000","14","SOFT","4"
"ZHO","Alfa Romeo","1","0 days 00:01:33.823000","9","MEDIUM","1"
"ZHO","Alfa Romeo","2","0 days 00:01:28.445000","9","MEDIUM","1"
"ZHO","Alfa Romeo","3","0 days 00:01:27.989000","9","MEDIUM","1"
"ZHO","Alfa Romeo","4","0 days 00:01:27.296000","9","MEDIUM","1"
"ZHO","Alfa Romeo","5","0 days 00:01:27.546000","9","MEDIUM","1"
"ZHO","Alfa Romeo","6","0 days 00:01:27.369000","9","MEDIUM","1"
"ZHO","Alfa Romeo","7","0 days 00:01:27.300000","9","MEDIUM","1"
"ZHO","Alfa Romeo","8","0 days 00:01:27.953000","10","MEDIUM","1"
"ZHO","Alfa Romeo","9","0 days 00:01:27.651000","10","MEDIUM","1"
"ZHO","Alfa Romeo","10","0 days 00:01:27.471000","10","MEDIUM","1"
"ZHO","Alfa Romeo","11","0 days 00:01:27.709000","10","MEDIUM","12"
"ZHO","Alfa Romeo","12","0 days 00:01:50.966000","10","MEDIUM","2671"
"ZHO","Alfa Romeo","13","0 days 00:01:27.247000","10","MEDIUM","1"
"ZHO","Alfa Romeo","14","0 days 00:01:27.611000","10","MEDIUM","1"
"ZHO","Alfa Romeo","15","0 days 00:01:28.143000","10","MEDIUM","1"
"ZHO","Alfa Romeo","16","0 days 00:01:27.771000","10","MEDIUM","1"
"ZHO","Alfa Romeo","17","0 days 00:01:27.774000","10","MEDIUM","1"
"ZHO","Alfa Romeo","18","0 days 00:01:32.220000","11","MEDIUM","1"
"ZHO","Alfa Romeo","19","0 days 00:01:49.541000","17","HARD","1"
"ZHO","Alfa Romeo","20","0 days 00:01:27.075000","15","HARD","1"
"ZHO","Alfa Romeo","21","0 days 00:01:26.598000","15","HARD","1"
"ZHO","Alfa Romeo","22","0 days 00:01:27.281000","15","HARD","1"
"ZHO","Alfa Romeo","23","0 days 00:01:27.155000","15","HARD","1"
"ZHO","Alfa Romeo","24","0 days 00:01:26.996000","15","HARD","1"
"ZHO","Alfa Romeo","25","0 days 00:01:26.763000","14","HARD","1"
"ZHO","Alfa Romeo","26","0 days 00:01:26.930000","14","HARD","1"
"ZHO","Alfa Romeo","27","0 days 00:01:26.904000","14","HARD","1"
"ZHO","Alfa Romeo","28","0 days 00:01:26.842000","14","HARD","1"
"ZHO","Alfa Romeo","29","0 days 00:01:26.824000","14","HARD","1"
"ZHO","Alfa Romeo","30","0 days 00:01:27.098000","14","HARD","1"
"ZHO","Alfa Romeo","31","0 days 00:01:26.927000","14","HARD","1"
"ZHO","Alfa Romeo","32","0 days 00:01:27.421000","13","HARD","1"
"ZHO","Alfa Romeo","33","0 days 00:01:26.896000","13","HARD","1"
"ZHO","Alfa Romeo","34","0 days 00:01:27.383000","11","HARD","1"
"ZHO","Alfa Romeo","35","0 days 00:01:27.592000","12","HARD","1"
"ZHO","Alfa Romeo","36","0 days 00:01:27.669000","11","HARD","1"
"ZHO","Alfa Romeo","37","0 days 00:01:27.278000","11","HARD","1"
"ZHO","Alfa Romeo","38","0 days 00:01:27.156000","11","HARD","1"
"ZHO","Alfa Romeo","39","0 days 00:01:27.224000","11","HARD","1"
"ZHO","Alfa Romeo","40","0 days 00:01:26.991000","11","HARD","1"
"ZHO","Alfa Romeo","41","0 days 00:01:26.361000","11","HARD","1"
"ZHO","Alfa Romeo","42","0 days 00:01:27.208000","11","HARD","1"
"ZHO","Alfa Romeo","43","0 days 00:01:27.411000","11","HARD","1"
"ZHO","Alfa Romeo","44","0 days 00:01:28.275000","11","HARD","1"
"ZHO","Alfa Romeo","45","0 days 00:01:27.156000","11","HARD","1"
"ZHO","Alfa Romeo","46","0 days 00:01:26.962000","10","HARD","12"
"ZHO","Alfa Romeo","47","0 days 00:01:51.203000","10","HARD","24"
"ZHO","Alfa Romeo","48","0 days 00:01:57.798000","10","HARD","4"
"ZHO","Alfa Romeo","49","0 days 00:01:45.910000","10","HARD","4"
"ZHO","Alfa Romeo","50","0 days 00:02:01.689000","10","HARD","4"
"ZHO","Alfa Romeo","51","0 days 00:01:32.886000","10","HARD","4"
"ZHO","Alfa Romeo","52","0 days 00:01:30.037000","10","HARD","4"
"ZHO","Alfa Romeo","53","0 days 00:02:01.697000","10","HARD","4"
"RIC","McLaren","1","0 days 00:01:30.751000","3","MEDIUM","1"
"RIC","McLaren","2","0 days 00:01:28.398000","4","MEDIUM","1"
"RIC","McLaren","3","0 days 00:01:27.818000","4","MEDIUM","1"
"RIC","McLaren","4","0 days 00:01:27.260000","4","MEDIUM","1"
"RIC","McLaren","5","0 days 00:01:27.441000","4","MEDIUM","1"
"RIC","McLaren","6","0 days 00:01:27.406000","4","MEDIUM","1"
"RIC","McLaren","7","0 days 00:01:27.222000","4","MEDIUM","1"
"RIC","McLaren","8","0 days 00:01:27.266000","4","MEDIUM","1"
"RIC","McLaren","9","0 days 00:01:27.567000","4","MEDIUM","1"
"RIC","McLaren","10","0 days 00:01:27.661000","4","MEDIUM","1"
"RIC","McLaren","11","0 days 00:01:27.466000","4","MEDIUM","12"
"RIC","McLaren","12","0 days 00:01:49.865000","4","MEDIUM","2671"
"RIC","McLaren","13","0 days 00:01:29.644000","5","MEDIUM","1"
"RIC","McLaren","14","0 days 00:01:27.727000","5","MEDIUM","1"
"RIC","McLaren","15","0 days 00:01:27.711000","5","MEDIUM","1"
"RIC","McLaren","16","0 days 00:01:27.509000","5","MEDIUM","1"
"RIC","McLaren","17","0 days 00:01:27.614000","5","MEDIUM","1"
"RIC","McLaren","18","0 days 00:01:27.753000","5","MEDIUM","1"
"RIC","McLaren","19","0 days 00:01:31.516000","7","MEDIUM","1"
"RIC","McLaren","20","0 days 00:01:49.019000","12","HARD","1"
"RIC","McLaren","21","0 days 00:01:27.372000","12","HARD","1"
"RIC","McLaren","22","0 days 00:01:27.370000","12","HARD","1"
"RIC","McLaren","23","0 days 00:01:26.911000","12","HARD","1"
"RIC","McLaren","24","0 days 00:01:27.094000","11","HARD","1"
"RIC","McLaren","25","0 days 00:01:26.971000","11","HARD","1"
"RIC","McLaren","26","0 days 00:01:27.173000","11","HARD","1"
"RIC","McLaren","27","0 days 00:01:26.918000","11","HARD","1"
"RIC","McLaren","28","0 days 00:01:26.972000","11","HARD","1"
"RIC","McLaren","29","0 days 00:01:27.175000","11","HARD","1"
"RIC","McLaren","30","0 days 00:01:26.938000","11","HARD","1"
"RIC","McLaren","31","0 days 00:01:27.317000","11","HARD","1"
"RIC","McLaren","32","0 days 00:01:27.498000","10","HARD","1"
"RIC","McLaren","33","0 days 00:01:27.143000","10","HARD","1"
"RIC","McLaren","34","0 days 00:01:27.100000","8","HARD","1"
"RIC","McLaren","35","0 days 00:01:26.978000","7","HARD","1"
"RIC","McLaren","36","0 days 00:01:27.207000","6","HARD","1"
"RIC","McLaren","37","0 days 00:01:28.336000","8","HARD","1"
"RIC","McLaren","38","0 days 00:01:26.778000","8","HARD","1"
"RIC","McLaren","39","0 days 00:01:26.603000","8","HARD","1"
"RIC","McLaren","40","0 days 00:01:26.759000","8","HARD","1"
"RIC","McLaren","41","0 days 00:01:26.751000","8","HARD","1"
"RIC","McLaren","42","0 days 00:01:26.775000","8","HARD","1"
"RIC","McLaren","43","0 days 00:01:26.751000","8","HARD","1"
"RIC","McLaren","44","0 days 00:01:27.184000","8","HARD","1"
"RIC","McLaren","45","0 days 00:01:27.296000","8","HARD","1"
"RIC","McLaren","46",,,"HARD","12"
"OCO","Alpine","1","0 days 00:01:35.680000","13","SOFT","1"
"OCO","Alpine","2","0 days 00:01:28.849000","12","SOFT","1"
"OCO","Alpine","3","0 days 00:01:28.228000","12","SOFT","1"
"OCO","Alpine","4","0 days 00:01:27.725000","12","SOFT","1"
"OCO","Alpine","5","0 days 00:01:28.005000","13","SOFT","1"
"OCO","Alpine","6","0 days 00:01:28.533000","14","SOFT","1"
"OCO","Alpine","7","0 days 00:01:27.642000","13","SOFT","1"
"OCO","Alpine","8","0 days 00:01:27.379000","13","SOFT","1"
"OCO","Alpine","9","0 days 00:01:27.876000","13","SOFT","1"
"OCO","Alpine","10","0 days 00:01:28.206000","12","SOFT","1"
"OCO","Alpine","11","0 days 00:01:27.655000","12","SOFT","12"
"OCO","Alpine","12","0 days 00:01:50.480000","12","SOFT","2671"
"OCO","Alpine","13","0 days 00:01:27.636000","12","SOFT","1"
"OCO","Alpine","14","0 days 00:01:27.859000","12","SOFT","1"
"OCO","Alpine","15","0 days 00:01:27.709000","12","SOFT","1"
"OCO","Alpine","16","0 days 00:01:28.442000","13","SOFT","1"
"OCO","Alpine","17","0 days 00:01:28.196000","13","SOFT","1"
"OCO","Alpine","18","0 days 00:01:27.885000","12","SOFT","1"
"OCO","Alpine","19","0 days 00:01:31.754000","10","SOFT","1"
"OCO","Alpine","20","0 days 00:01:47.973000","16","HARD","1"
"OCO","Alpine","21","0 days 00:01:27.215000","16","HARD","1"
"OCO","Alpine","22","0 days 00:01:27.160000","16","HARD","1"
"OCO","Alpine","23","0 days 00:01:27.158000","16","HARD","1"
"OCO","Alpine","24","0 days 00:01:27.106000","16","HARD","1"
"OCO","Alpine","25","0 days 00:01:27.223000","15","HARD","1"
"OCO","Alpine","26","0 days 00:01:27.054000","15","HARD","1"
"OCO","Alpine","27","0 days 00:01:26.898000","15","HARD","1"
"OCO","Alpine","28","0 days 00:01:26.930000","15","HARD","1"
"OCO","Alpine","29","0 days 00:01:27.144000","15","HARD","1"
"OCO","Alpine","30","0 days 00:01:27.095000","15","HARD","1"
"OCO","Alpine","31","0 days 00:01:26.865000","15","HARD","1"
"OCO","Alpine","32","0 days 00:01:26.858000","14","HARD","1"
"OCO","Alpine","33","0 days 00:01:27.124000","14","HARD","1"
"OCO","Alpine","34","0 days 00:01:26.881000","13","HARD","1"
"OCO","Alpine","35","0 days 00:01:26.901000","13","HARD","1"
"OCO","Alpine","36","0 days 00:01:26.798000","12","HARD","1"
"OCO","Alpine","37","0 days 00:01:26.593000","12","HARD","1"
"OCO","Alpine","38","0 days 00:01:26.667000","12","HARD","1"
"OCO","Alpine","39","0 days 00:01:26.704000","12","HARD","1"
"OCO","Alpine","40","0 days 00:01:26.594000","12","HARD","1"
"OCO","Alpine","41","0 days 00:01:26.703000","12","HARD","1"
"OCO","Alpine","42","0 days 00:01:26.990000","12","HARD","1"
"OCO","Alpine","43","0 days 00:01:27.996000","12","HARD","1"
"OCO","Alpine","44","0 days 00:01:27.391000","12","HARD","1"
"OCO","Alpine","45","0 days 00:01:26.869000","12","HARD","1"
"OCO","Alpine","46","0 days 00:01:27.079000","11","HARD","12"
"OCO","Alpine","47","0 days 00:01:52.313000","11","HARD","24"
"OCO","Alpine","48","0 days 00:01:58.126000","11","HARD","4"
"OCO","Alpine","49","0 days 00:01:44.374000","11","HARD","4"
"OCO","Alpine","50","0 days 00:02:00.734000","11","HARD","4"
"OCO","Alpine","51","0 days 00:01:33.303000","11","HARD","4"
"OCO","Alpine","52","0 days 00:01:30.957000","11","HARD","4"
"OCO","Alpine","53","0 days 00:02:00.319000","11","HARD","4"
"NOR","McLaren","1","0 days 00:01:32.356000","6","MEDIUM","1"
"NOR","McLaren","2","0 days 00:01:28.196000","6","MEDIUM","1"
"NOR","McLaren","3","0 days 00:01:27.655000","6","MEDIUM","1"
"NOR","McLaren","4","0 days 00:01:27.326000","6","MEDIUM","1"
"NOR","McLaren","5","0 days 00:01:27.553000","6","MEDIUM","1"
"NOR","McLaren","6","0 days 00:01:27.381000","6","MEDIUM","1"
"NOR","McLaren","7","0 days 00:01:27.265000","6","MEDIUM","1"
"NOR","McLaren","8","0 days 00:01:27.380000","6","MEDIUM","1"
"NOR","McLaren","9","0 days 00:01:27.295000","6","MEDIUM","1"
"NOR","McLaren","10","0 days 00:01:27.565000","6","MEDIUM","1"
"NOR","McLaren","11","0 days 00:01:28.230000","7","MEDIUM","12"
"NOR","McLaren","12","0 days 00:01:50.690000","7","MEDIUM","2671"
"NOR","McLaren","13","0 days 00:01:28.568000","8","MEDIUM","1"
"NOR","McLaren","14","0 days 00:01:27.824000","8","MEDIUM","1"
"NOR","McLaren","15","0 days 00:01:28.013000","8","MEDIUM","1"
"NOR","McLaren","16","0 days 00:01:27.414000","8","MEDIUM","1"
"NOR","McLaren","17","0 days 00:01:27.450000","8","MEDIUM","1"
"NOR","McLaren","18","0 days 00:01:27.353000","6","MEDIUM","1"
"NOR","McLaren","19","0 days 00:01:27.291000","5","MEDIUM","1"
"NOR","McLaren","20","0 days 00:01:27.080000","5","MEDIUM","1"
"NOR","McLaren","21","0 days 00:01:27.298000","5","MEDIUM","1"
"NOR","McLaren","22","0 days 00:01:26.880000","5","MEDIUM","1"
"NOR","McLaren","23","0 days 00:01:26.861000","5","MEDIUM","1"
"NOR","McLaren","24","0 days 00:01:27.371000","5","MEDIUM","1"
"NOR","McLaren","25","0 days 00:01:26.902000","5","MEDIUM","1"
"NOR","McLaren","26","0 days 00:01:27.082000","5","MEDIUM","1"
"NOR","McLaren","27","0 days 00:01:26.837000","5","MEDIUM","1"
"NOR","McLaren","28","0 days 00:01:27.067000","5","MEDIUM","1"
"NOR","McLaren","29","0 days 00:01:26.987000","5","MEDIUM","1"
"NOR","McLaren","30","0 days 00:01:26.991000","5","MEDIUM","1"
"NOR","McLaren","31","0 days 00:01:26.928000","4","MEDIUM","1"
"NOR","McLaren","32","0 days 00:01:27.114000","4","MEDIUM","1"
"NOR","McLaren","33","0 days 00:01:27.017000","4","MEDIUM","1"
"NOR","McLaren","34","0 days 00:01:27.001000","4","MEDIUM","1"
"NOR","McLaren","35","0 days 00:01:31.485000","4","MEDIUM","1"
"NOR","McLaren","36","0 days 00:01:51.134000","9","SOFT","1"
"NOR","McLaren","37","0 days 00:01:25.309000","7","SOFT","1"
"NOR","McLaren","38","0 days 00:01:25.167000","7","SOFT","1"
"NOR","McLaren","39","0 days 00:01:25.034000","7","SOFT","1"
"NOR","McLaren","40","0 days 00:01:24.926000","7","SOFT","1"
"NOR","McLaren","41","0 days 00:01:24.799000","7","SOFT","1"
"NOR","McLaren","42","0 days 00:01:25.082000","7","SOFT","1"
"NOR","McLaren","43","0 days 00:01:24.718000","6","SOFT","1"
"NOR","McLaren","44","0 days 00:01:24.891000","6","SOFT","1"
"NOR","McLaren","45","0 days 00:01:24.825000","6","SOFT","1"
"NOR","McLaren","46","0 days 00:01:24.985000","6","SOFT","12"
"NOR","McLaren","47","0 days 00:01:46.482000","6","SOFT","24"
"NOR","McLaren","48","0 days 00:02:18.377000","7","SOFT","4"
"NOR","McLaren","49","0 days 00:01:49.062000","7","SOFT","4"
"NOR","McLaren","50","0 days 00:02:00.916000","7","SOFT","4"
"NOR","McLaren","51","0 days 00:01:33.826000","7","SOFT","4"
"NOR","McLaren","52","0 days 00:01:28.203000","7","SOFT","4"
"NOR","McLaren","53","0 days 00:02:06.276000","7","SOFT","4"
"HAM","Mercedes","1","0 days 00:01:37.652000","19","MEDIUM","1"
"HAM","Mercedes","2","0 days 00:01:30.032000","18","MEDIUM","1"
"HAM","Mercedes","3","0 days 00:01:28.954000","18","MEDIUM","1"
"HAM","Mercedes","4","0 days 00:01:28.153000","18","MEDIUM","1"
"HAM","Mercedes","5","0 days 00:01:27.806000","18","MEDIUM","1"
"HAM","Mercedes","6","0 days 00:01:27.335000","18","MEDIUM","1"
"HAM","Mercedes","7","0 days 00:01:27.943000","17","MEDIUM","1"
"HAM","Mercedes","8","0 days 00:01:27.783000","16","MEDIUM","1"
"HAM","Mercedes","9","0 days 00:01:26.724000","15","MEDIUM","1"
"HAM","Mercedes","10","0 days 00:01:27.646000","15","MEDIUM","1"
"HAM","Mercedes","11","0 days 00:01:27.226000","13","MEDIUM","12"
"HAM","Mercedes","12","0 days 00:01:50.598000","13","MEDIUM","2671"
"HAM","Mercedes","13","0 days 00:01:27.207000","13","MEDIUM","1"
"HAM","Mercedes","14","0 days 00:01:27.307000","13","MEDIUM","1"
"HAM","Mercedes","15","0 days 00:01:27.462000","13","MEDIUM","1"
"HAM","Mercedes","16","0 days 00:01:27.227000","12","MEDIUM","1"
"HAM","Mercedes","17","0 days 00:01:26.762000","11","MEDIUM","1"
"HAM","Mercedes","18","0 days 00:01:27.409000","10","MEDIUM","1"
"HAM","Mercedes","19","0 days 00:01:26.576000","8","MEDIUM","1"
"HAM","Mercedes","20","0 days 00:01:27.010000","7","MEDIUM","1"
"HAM","Mercedes","21","0 days 00:01:26.722000","7","MEDIUM","1"
"HAM","Mercedes","22","0 days 00:01:26.646000","7","MEDIUM","1"
"HAM","Mercedes","23","0 days 00:01:27.023000","7","MEDIUM","1"
"HAM","Mercedes","24","0 days 00:01:28.066000","7","MEDIUM","1"
"HAM","Mercedes","25","0 days 00:01:27.467000","7","MEDIUM","1"
"HAM","Mercedes","26","0 days 00:01:27.183000","7","MEDIUM","1"
"HAM","Mercedes","27","0 days 00:01:27.060000","6","MEDIUM","1"
"HAM","Mercedes","28","0 days 00:01:26.906000","6","MEDIUM","1"
"HAM","Mercedes","29","0 days 00:01:26.957000","6","MEDIUM","1"
"HAM","Mercedes","30","0 days 00:01:27.170000","6","MEDIUM","1"
"HAM","Mercedes","31","0 days 00:01:26.885000","5","MEDIUM","1"
"HAM","Mercedes","32","0 days 00:01:26.771000","5","MEDIUM","1"
"HAM","Mercedes","33","0 days 00:01:31.186000","7","MEDIUM","1"
"HAM","Mercedes","34","0 days 00:01:46.142000","12","SOFT","1"
"HAM","Mercedes","35","0 days 00:01:25.491000","9","SOFT","1"
"HAM","Mercedes","36","0 days 00:01:26.376000","7","SOFT","1"
"HAM","Mercedes","37","0 days 00:01:25.282000","6","SOFT","1"
"HAM","Mercedes","38","0 days 00:01:24.820000","6","SOFT","1"
"HAM","Mercedes","39","0 days 00:01:24.714000","6","SOFT","1"
"HAM","Mercedes","40","0 days 00:01:24.525000","6","SOFT","1"
"HAM","Mercedes","41","0 days 00:01:24.490000","6","SOFT","1"
"HAM","Mercedes","42","0 days 00:01:24.471000","6","SOFT","1"
"HAM","Mercedes","43","0 days 00:01:24.434000","5","SOFT","1"
"HAM","Mercedes","44","0 days 00:01:24.984000","5","SOFT","1"
"HAM","Mercedes","45","0 days 00:01:24.845000","5","SOFT","1"
"HAM","Mercedes","46","0 days 00:01:24.944000","5","SOFT","12"
"HAM","Mercedes","47","0 days 00:01:40.370000","5","SOFT","24"
"HAM","Mercedes","48","0 days 00:02:01.220000","5","SOFT","4"
"HAM","Mercedes","49","0 days 00:02:11.745000","5","SOFT","4"
"HAM","Mercedes","50","0 days 00:02:03.645000","5","SOFT","4"
"HAM","Mercedes","51","0 days 00:01:33.562000","5","SOFT","4"
"HAM","Mercedes","52","0 days 00:01:29.345000","5","SOFT","4"
"HAM","Mercedes","53","0 days 00:02:06.632000","5","SOFT","4"
"DEV","Williams","1","0 days 00:01:33.491000","8","SOFT","1"
"DEV","Williams","2","0 days 00:01:28.416000","8","SOFT","1"
"DEV","Williams","3","0 days 00:01:27.566000","8","SOFT","1"
"DEV","Williams","4","0 days 00:01:27.459000","8","SOFT","1"
"DEV","Williams","5","0 days 00:01:27.428000","8","SOFT","1"
"DEV","Williams","6","0 days 00:01:27.466000","8","SOFT","1"
"DEV","Williams","7","0 days 00:01:27.341000","8","SOFT","1"
"DEV","Williams","8","0 days 00:01:27.328000","8","SOFT","1"
"DEV","Williams","9","0 days 00:01:28.071000","9","SOFT","1"
"DEV","Williams","10","0 days 00:01:27.381000","9","SOFT","1"
"DEV","Williams","11","0 days 00:01:27.798000","9","SOFT","12"
"DEV","Williams","12","0 days 00:01:50.794000","9","SOFT","2671"
"DEV","Williams","13","0 days 00:01:27.451000","9","SOFT","1"
"DEV","Williams","14","0 days 00:01:27.859000","9","SOFT","1"
"DEV","Williams","15","0 days 00:01:28.096000","9","SOFT","1"
"DEV","Williams","16","0 days 00:01:27.554000","9","SOFT","1"
"DEV","Williams","17","0 days 00:01:27.623000","9","SOFT","1"
"DEV","Williams","18","0 days 00:01:27.836000","8","SOFT","1"
"DEV","Williams","19","0 days 00:01:32.409000","9","SOFT","1"
"DEV","Williams","20","0 days 00:01:48.296000","14","MEDIUM","1"
"DEV","Williams","21","0 days 00:01:27.098000","14","MEDIUM","1"
"DEV","Williams","22","0 days 00:01:26.748000","14","MEDIUM","1"
"DEV","Williams","23","0 days 00:01:26.925000","14","MEDIUM","1"
"DEV","Williams","24","0 days 00:01:26.818000","13","MEDIUM","1"
"DEV","Williams","25","0 days 00:01:26.643000","13","MEDIUM","1"
"DEV","Williams","26","0 days 00:01:27.115000","13","MEDIUM","1"
"DEV","Williams","27","0 days 00:01:26.756000","13","MEDIUM","1"
"DEV","Williams","28","0 days 00:01:26.968000","13","MEDIUM","1"
"DEV","Williams","29","0 days 00:01:26.923000","13","MEDIUM","1"
"DEV","Williams","30","0 days 00:01:26.993000","13","MEDIUM","1"
"DEV","Williams","31","0 days 00:01:27.478000","13","MEDIUM","1"
"DEV","Williams","32","0 days 00:01:27.401000","12","MEDIUM","1"
"DEV","Williams","33","0 days 00:01:27.145000","12","MEDIUM","1"
"DEV","Williams","34","0 days 00:01:27.101000","10","MEDIUM","1"
"DEV","Williams","35","0 days 00:01:27.879000","10","MEDIUM","1"
"DEV","Williams","36","0 days 00:01:28.091000","10","MEDIUM","1"
"DEV","Williams","37","0 days 00:01:27.149000","10","MEDIUM","1"
"DEV","Williams","38","0 days 00:01:27.324000","10","MEDIUM","1"
"DEV","Williams","39","0 days 00:01:27.198000","10","MEDIUM","1"
"DEV","Williams","40","0 days 00:01:26.824000","10","MEDIUM","1"
"DEV","Williams","41","0 days 00:01:26.624000","10","MEDIUM","1"
"DEV","Williams","42","0 days 00:01:27.153000","10","MEDIUM","1"
"DEV","Williams","43","0 days 00:01:27.266000","10","MEDIUM","1"
"DEV","Williams","44","0 days 00:01:27.348000","10","MEDIUM","1"
"DEV","Williams","45","0 days 00:01:26.949000","10","MEDIUM","1"
"DEV","Williams","46","0 days 00:01:27.200000","9","MEDIUM","12"
"DEV","Williams","47","0 days 00:01:51.564000","9","MEDIUM","24"
"DEV","Williams","48","0 days 00:01:58.039000","9","MEDIUM","4"
"DEV","Williams","49","0 days 00:01:45.070000","9","MEDIUM","4"
"DEV","Williams","50","0 days 00:02:02.781000","9","MEDIUM","4"
"DEV","Williams","51","0 days 00:01:31.836000","9","MEDIUM","4"
"DEV","Williams","52","0 days 00:01:29.693000","9","MEDIUM","4"
"DEV","Williams","53","0 days 00:02:02.870000","9","MEDIUM","4"
"MSC","Haas F1 Team","1","0 days 00:01:37.137000","17","MEDIUM","1"
"MSC","Haas F1 Team","2","0 days 00:01:30.906000","19","MEDIUM","1"
"MSC","Haas F1 Team","3","0 days 00:01:29.301000","19","MEDIUM","1"
"MSC","Haas F1 Team","4","0 days 00:01:28.248000","19","MEDIUM","1"
"MSC","Haas F1 Team","5","0 days 00:01:27.412000","19","MEDIUM","1"
"MSC","Haas F1 Team","6","0 days 00:01:27.712000","19","MEDIUM","1"
"MSC","Haas F1 Team","7","0 days 00:01:27.949000","19","MEDIUM","1"
"MSC","Haas F1 Team","8","0 days 00:01:28.199000","18","MEDIUM","1"
"MSC","Haas F1 Team","9","0 days 00:01:28.693000","18","MEDIUM","1"
"MSC","Haas F1 Team","10","0 days 00:01:27.574000","18","MEDIUM","1"
"MSC","Haas F1 Team","11","0 days 00:01:28.826000","17","MEDIUM","12"
"MSC","Haas F1 Team","12","0 days 00:01:49.900000","17","MEDIUM","2671"
"MSC","Haas F1 Team","13","0 days 00:01:28.080000","17","MEDIUM","1"
"MSC","Haas F1 Team","14","0 days 00:01:28.348000","17","MEDIUM","1"
"MSC","Haas F1 Team","15","0 days 00:01:28.021000","16","MEDIUM","1"
"MSC","Haas F1 Team","16","0 days 00:01:27.322000","15","MEDIUM","1"
"MSC","Haas F1 Team","17","0 days 00:01:27.525000","15","MEDIUM","1"
"MSC","Haas F1 Team","18","0 days 00:01:27.548000","15","MEDIUM","1"
"MSC","Haas F1 Team","19","0 days 00:01:27.645000","11","MEDIUM","1"
"MSC","Haas F1 Team","20","0 days 00:01:27.885000","8","MEDIUM","1"
"MSC","Haas F1 Team","21","0 days 00:01:27.856000","8","MEDIUM","1"
"MSC","Haas F1 Team","22","0 days 00:01:27.537000","8","MEDIUM","1"
"MSC","Haas F1 Team","23","0 days 00:01:27.545000","8","MEDIUM","1"
"MSC","Haas F1 Team","24","0 days 00:01:28.403000","9","MEDIUM","1"
"MSC","Haas F1 Team","25","0 days 00:01:27.674000","9","MEDIUM","1"
"MSC","Haas F1 Team","26","0 days 00:01:27.491000","9","MEDIUM","1"
"MSC","Haas F1 Team","27","0 days 00:01:27.034000","9","MEDIUM","1"
"MSC","Haas F1 Team","28","0 days 00:01:27.511000","9","MEDIUM","1"
"MSC","Haas F1 Team","29","0 days 00:01:27.652000","9","MEDIUM","1"
"MSC","Haas F1 Team","30","0 days 00:01:27.424000","9","MEDIUM","1"
"MSC","Haas F1 Team","31","0 days 00:01:27.197000","9","MEDIUM","1"
"MSC","Haas F1 Team","32","0 days 00:01:27.510000","8","MEDIUM","1"
"MSC","Haas F1 Team","33","0 days 00:01:31.716000","9","MEDIUM","1"
"MSC","Haas F1 Team","34","0 days 00:01:47.444000","17","SOFT","1"
"MSC","Haas F1 Team","35","0 days 00:01:25.882000","16","SOFT","1"
"MSC","Haas F1 Team","36","0 days 00:01:26.200000","15","SOFT","1"
"MSC","Haas F1 Team","37","0 days 00:01:27.488000","15","SOFT","1"
"MSC","Haas F1 Team","38","0 days 00:01:25.708000","15","SOFT","1"
"MSC","Haas F1 Team","39","0 days 00:01:26.523000","15","SOFT","1"
"MSC","Haas F1 Team","40","0 days 00:01:27.339000","15","SOFT","1"
"MSC","Haas F1 Team","41","0 days 00:01:26.805000","14","SOFT","1"
"MSC","Haas F1 Team","42","0 days 00:01:26.195000","14","SOFT","1"
"MSC","Haas F1 Team","43","0 days 00:01:25.298000","14","SOFT","1"
"MSC","Haas F1 Team","44","0 days 00:01:25.993000","14","SOFT","1"
"MSC","Haas F1 Team","45","0 days 00:01:26.264000","13","SOFT","1"
"MSC","Haas F1 Team","46","0 days 00:01:26.242000","12","SOFT","12"
"MSC","Haas F1 Team","47","0 days 00:01:54.264000","12","SOFT","24"
"MSC","Haas F1 Team","48","0 days 00:01:58.611000","12","SOFT","4"
"MSC","Haas F1 Team","49","0 days 00:01:40.536000","12","SOFT","4"
"MSC","Haas F1 Team","50","0 days 00:01:59.681000","12","SOFT","4"
"MSC","Haas F1 Team","51","0 days 00:01:33.670000","12","SOFT","4"
"MSC","Haas F1 Team","52","0 days 00:01:31.571000","12","SOFT","4"
"MSC","Haas F1 Team","53","0 days 00:01:57.565000","12","SOFT","4"
"VET","Aston Martin","1","0 days 00:01:34.498000","10","MEDIUM","1"
"VET","Aston Martin","2","0 days 00:01:29.616000","11","MEDIUM","1"
"VET","Aston Martin","3","0 days 00:01:28.338000","11","MEDIUM","1"
"VET","Aston Martin","4","0 days 00:01:27.501000","11","MEDIUM","1"
"VET","Aston Martin","5","0 days 00:01:27.928000","12","MEDIUM","1"
"VET","Aston Martin","6","0 days 00:01:28.087000","12","MEDIUM","1"
"VET","Aston Martin","7","0 days 00:01:27.662000","12","MEDIUM","1"
"VET","Aston Martin","8","0 days 00:01:27.956000","12","MEDIUM","1"
"VET","Aston Martin","9","0 days 00:01:27.851000","12","MEDIUM","1"
"VET","Aston Martin","10","0 days 00:01:28.788000","13","MEDIUM","1"
"VET","Aston Martin","11",,,"MEDIUM","12"
"SAI","Ferrari","1","0 days 00:01:36.448000","16","MEDIUM","1"
"SAI","Ferrari","2","0 days 00:01:29.685000","14","MEDIUM","1"
"SAI","Ferrari","3","0 days 00:01:27.539000","14","MEDIUM","1"
"SAI","Ferrari","4","0 days 00:01:27.044000","13","MEDIUM","1"
"SAI","Ferrari","5","0 days 00:01:26.543000","11","MEDIUM","1"
"SAI","Ferrari","6","0 days 00:01:26.343000","10","MEDIUM","1"
"SAI","Ferrari","7","0 days 00:01:26.477000","10","MEDIUM","1"
"SAI","Ferrari","8","0 days 00:01:26.592000","9","MEDIUM","1"
"SAI","Ferrari","9","0 days 00:01:26.940000","8","MEDIUM","1"
"SAI","Ferrari","10","0 days 00:01:26.791000","7","MEDIUM","1"
"SAI","Ferrari","11","0 days 00:01:26.909000","6","MEDIUM","12"
"SAI","Ferrari","12","0 days 00:01:49.850000","5","MEDIUM","2671"
"SAI","Ferrari","13","0 days 00:01:27.747000","4","MEDIUM","1"
"SAI","Ferrari","14","0 days 00:01:26.823000","4","MEDIUM","1"
"SAI","Ferrari","15","0 days 00:01:26.523000","4","MEDIUM","1"
"SAI","Ferrari","16","0 days 00:01:26.590000","4","MEDIUM","1"
"SAI","Ferrari","17","0 days 00:01:26.312000","4","MEDIUM","1"
"SAI","Ferrari","18","0 days 00:01:27.093000","4","MEDIUM","1"
"SAI","Ferrari","19","0 days 00:01:26.898000","4","MEDIUM","1"
"SAI","Ferrari","20","0 days 00:01:26.807000","4","MEDIUM","1"
"SAI","Ferrari","21","0 days 00:01:26.819000","4","MEDIUM","1"
"SAI","Ferrari","22","0 days 00:01:26.715000","4","MEDIUM","1"
"SAI","Ferrari","23","0 days 00:01:26.676000","4","MEDIUM","1"
"SAI","Ferrari","24","0 days 00:01:26.655000","3","MEDIUM","1"
"SAI","Ferrari","25","0 days 00:01:26.742000","3","MEDIUM","1"
"SAI","Ferrari","26","0 days 00:01:26.752000","3","MEDIUM","1"
"SAI","Ferrari","27","0 days 00:01:26.897000","3","MEDIUM","1"
"SAI","Ferrari","28","0 days 00:01:26.675000","3","MEDIUM","1"
"SAI","Ferrari","29","0 days 00:01:26.986000","3","MEDIUM","1"
"SAI","Ferrari","30","0 days 00:01:31.091000","4","MEDIUM","1"
"SAI","Ferrari","31","0 days 00:01:44.998000","7","SOFT","1"
"SAI","Ferrari","32","0 days 00:01:25.322000","7","SOFT","1"
"SAI","Ferrari","33","0 days 00:01:25.577000","5","SOFT","1"
"SAI","Ferrari","34","0 days 00:01:25.313000","5","SOFT","1"
"SAI","Ferrari","35","0 days 00:01:24.999000","5","SOFT","1"
"SAI","Ferrari","36","0 days 00:01:25.347000","4","SOFT","1"
"SAI","Ferrari","37","0 days 00:01:25.014000","4","SOFT","1"
"SAI","Ferrari","38","0 days 00:01:24.565000","4","SOFT","1"
"SAI","Ferrari","39","0 days 00:01:24.420000","4","SOFT","1"
"SAI","Ferrari","40","0 days 00:01:24.652000","4","SOFT","1"
"SAI","Ferrari","41","0 days 00:01:24.446000","4","SOFT","1"
"SAI","Ferrari","42","0 days 00:01:24.739000","4","SOFT","1"
"SAI","Ferrari","43","0 days 00:01:24.599000","4","SOFT","1"
"SAI","Ferrari","44","0 days 00:01:24.498000","4","SOFT","1"
"SAI","Ferrari","45","0 days 00:01:24.684000","4","SOFT","1"
"SAI","Ferrari","46","0 days 00:01:24.580000","4","SOFT","1"
"SAI","Ferrari","47","0 days 00:01:34.912000","4","SOFT","124"
"SAI","Ferrari","48","0 days 00:02:25.332000","4","SOFT","4"
"SAI","Ferrari","49","0 days 00:02:17.028000","4","SOFT","4"
"SAI","Ferrari","50","0 days 00:02:03.870000","4","SOFT","4"
"SAI","Ferrari","51","0 days 00:01:33.571000","4","SOFT","4"
"SAI","Ferrari","52","0 days 00:01:29.168000","4","SOFT","4"
"SAI","Ferrari","53","0 days 00:02:06.976000","4","SOFT","4"
"LAT","Williams","1","0 days 00:01:35.968000","14","MEDIUM","1"
"LAT","Williams","2","0 days 00:01:30.629000","15","MEDIUM","1"
"LAT","Williams","3","0 days 00:01:29.308000","16","MEDIUM","1"
"LAT","Williams","4","0 days 00:01:27.944000","16","MEDIUM","1"
"LAT","Williams","5","0 days 00:01:27.837000","16","MEDIUM","1"
"LAT","Williams","6","0 days 00:01:27.773000","16","MEDIUM","1"
"LAT","Williams","7","0 days 00:01:28.283000","16","MEDIUM","1"
"LAT","Williams","8","0 days 00:01:28.760000","17","MEDIUM","1"
"LAT","Williams","9","0 days 00:01:28.305000","17","MEDIUM","1"
"LAT","Williams","10","0 days 00:01:27.967000","17","MEDIUM","1"
"LAT","Williams","11","0 days 00:01:28.664000","16","MEDIUM","12"
"LAT","Williams","12","0 days 00:01:50","16","MEDIUM","2671"
"LAT","Williams","13","0 days 00:01:27.316000","15","MEDIUM","1"
"LAT","Williams","14","0 days 00:01:27.504000","15","MEDIUM","1"
"LAT","Williams","15","0 days 00:01:31.889000","18","MEDIUM","1"
"LAT","Williams","16","0 days 00:01:50.672000","19","HARD","1"
"LAT","Williams","17","0 days 00:01:26.798000","19","HARD","1"
"LAT","Williams","18","0 days 00:01:26.831000","19","HARD","1"
"LAT","Williams","19","0 days 00:01:27.449000","19","HARD","1"
"LAT","Williams","20","0 days 00:01:27.218000","19","HARD","1"
"LAT","Williams","21","0 days 00:01:27.208000","19","HARD","1"
"LAT","Williams","22","0 days 00:01:27.196000","19","HARD","1"
"LAT","Williams","23","0 days 00:01:27.346000","19","HARD","1"
"LAT","Williams","24","0 days 00:01:27.394000","18","HARD","1"
"LAT","Williams","25","0 days 00:01:27.220000","17","HARD","1"
"LAT","Williams","26","0 days 00:01:27.040000","17","HARD","1"
"LAT","Williams","27","0 days 00:01:27.095000","17","HARD","1"
"LAT","Williams","28","0 days 00:01:27.028000","17","HARD","1"
"LAT","Williams","29","0 days 00:01:27.150000","17","HARD","1"
"LAT","Williams","30","0 days 00:01:27.194000","17","HARD","1"
"LAT","Williams","31","0 days 00:01:28.348000","17","HARD","1"
"LAT","Williams","32","0 days 00:01:27.292000","16","HARD","1"
"LAT","Williams","33","0 days 00:01:27.074000","16","HARD","1"
"LAT","Williams","34","0 days 00:01:27.496000","15","HARD","1"
"LAT","Williams","35","0 days 00:01:26.945000","15","HARD","1"
"LAT","Williams","36","0 days 00:01:27.266000","14","HARD","1"
"LAT","Williams","37","0 days 00:01:27.071000","14","HARD","1"
"LAT","Williams","38","0 days 00:01:28.025000","14","HARD","1"
"LAT","Williams","39","0 days 00:01:27.309000","14","HARD","1"
"LAT","Williams","40","0 days 00:01:27.284000","14","HARD","1"
"LAT","Williams","41","0 days 00:01:28.779000","15","HARD","1"
"LAT","Williams","42","0 days 00:01:28.415000","16","HARD","1"
"LAT","Williams","43","0 days 00:01:27.331000","16","HARD","1"
"LAT","Williams","44","0 days 00:01:27.990000","16","HARD","1"
"LAT","Williams","45","0 days 00:01:27.452000","16","HARD","1"
"LAT","Williams","46","0 days 00:01:27.870000","15","HARD","12"
"LAT","Williams","47","0 days 00:02:00.449000","15","HARD","24"
"LAT","Williams","48","0 days 00:02:14.429000","15","SOFT","4"
"LAT","Williams","49","0 days 00:01:35.047000","15","SOFT","4"
"LAT","Williams","50","0 days 00:01:54.072000","15","SOFT","4"
"LAT","Williams","51","0 days 00:02:24.227000","15","SOFT","4"
"LAT","Williams","52","0 days 00:02:11.146000","15","SOFT","4"
"RUS","Mercedes","1","0 days 00:01:29.427000","2","SOFT","1"
"RUS","Mercedes","2","0 days 00:01:26.724000","2","SOFT","1"
"RUS","Mercedes","3","0 days 00:01:26.432000","2","SOFT","1"
"RUS","Mercedes","4","0 days 00:01:26.143000","2","SOFT","1"
"RUS","Mercedes","5","0 days 00:01:26.878000","3","SOFT","1"
"RUS","Mercedes","6","0 days 00:01:25.761000","3","SOFT","1"
"RUS","Mercedes","7","0 days 00:01:26.255000","3","SOFT","1"
"RUS","Mercedes","8","0 days 00:01:26.273000","3","SOFT","1"
"RUS","Mercedes","9","0 days 00:01:26.404000","3","SOFT","1"
"RUS","Mercedes","10","0 days 00:01:26.169000","3","SOFT","1"
"RUS","Mercedes","11","0 days 00:01:26.551000","3","SOFT","12"
"RUS","Mercedes","12","0 days 00:01:48.631000","3","SOFT","2167"
"RUS","Mercedes","13","0 days 00:01:28.268000","2","SOFT","71"
"RUS","Mercedes","14","0 days 00:01:26.289000","2","SOFT","1"
"RUS","Mercedes","15","0 days 00:01:26.302000","2","SOFT","1"
"RUS","Mercedes","16","0 days 00:01:26.396000","2","SOFT","1"
"RUS","Mercedes","17","0 days 00:01:26.234000","2","SOFT","1"
"RUS","Mercedes","18","0 days 00:01:26.412000","2","SOFT","1"
"RUS","Mercedes","19","0 days 00:01:26.452000","2","SOFT","1"
"RUS","Mercedes","20","0 days 00:01:26.537000","2","SOFT","1"
"RUS","Mercedes","21","0 days 00:01:26.491000","2","SOFT","1"
"RUS","Mercedes","22","0 days 00:01:26.714000","2","SOFT","1"
"RUS","Mercedes","23","0 days 00:01:30.661000","3","SOFT","1"
"RUS","Mercedes","24","0 days 00:01:47.766000","4","HARD","1"
"RUS","Mercedes","25","0 days 00:01:25.678000","4","HARD","1"
"RUS","Mercedes","26","0 days 00:01:25.593000","4","HARD","1"
"RUS","Mercedes","27","0 days 00:01:25.917000","4","HARD","1"
"RUS","Mercedes","28","0 days 00:01:25.792000","4","HARD","1"
"RUS","Mercedes","29","0 days 00:01:26.159000","4","HARD","1"
"RUS","Mercedes","30","0 days 00:01:26.140000","3","HARD","1"
"RUS","Mercedes","31","0 days 00:01:25.938000","3","HARD","1"
"RUS","Mercedes","32","0 days 00:01:26.041000","3","HARD","1"
"RUS","Mercedes","33","0 days 00:01:25.957000","3","HARD","1"
"RUS","Mercedes","34","0 days 00:01:26.087000","3","HARD","1"
"RUS","Mercedes","35","0 days 00:01:25.714000","3","HARD","1"
"RUS","Mercedes","36","0 days 00:01:25.893000","3","HARD","1"
"RUS","Mercedes","37","0 days 00:01:25.985000","3","HARD","1"
"RUS","Mercedes","38","0 days 00:01:25.645000","3","HARD","1"
"RUS","Mercedes","39","0 days 00:01:25.652000","3","HARD","1"
"RUS","Mercedes","40","0 days 00:01:25.288000","3","HARD","1"
"RUS","Mercedes","41","0 days 00:01:25.366000","3","HARD","1"
"RUS","Mercedes","42","0 days 00:01:25.431000","3","HARD","1"
"RUS","Mercedes","43","0 days 00:01:25.509000","3","HARD","1"
"RUS","Mercedes","44","0 days 00:01:26.052000","3","HARD","1"
"RUS","Mercedes","45","0 days 00:01:26.052000","3","HARD","1"
"RUS","Mercedes","46","0 days 00:01:25.833000","3","HARD","1"
"RUS","Mercedes","47","0 days 00:01:32.390000","3","HARD","124"
"RUS","Mercedes","48",,"3","SOFT","4"
"RUS","Mercedes","49","0 days 00:02:16.908000","3","SOFT","4"
"RUS","Mercedes","50","0 days 00:02:04.303000","3","SOFT","4"
"RUS","Mercedes","51","0 days 00:01:33.770000","3","SOFT","4"
"RUS","Mercedes","52","0 days 00:01:28.695000","3","SOFT","4"
"RUS","Mercedes","53","0 days 00:02:06.853000","3","SOFT","4"
"BOT","Alfa Romeo","1","0 days 00:01:38.273000","20","MEDIUM","1"
"BOT","Alfa Romeo","2","0 days 00:01:29.846000","20","MEDIUM","1"
"BOT","Alfa Romeo","3","0 days 00:01:29.643000","20","MEDIUM","1"
"BOT","Alfa Romeo","4","0 days 00:01:28.362000","20","MEDIUM","1"
"BOT","Alfa Romeo","5","0 days 00:01:27.560000","20","MEDIUM","1"
"BOT","Alfa Romeo","6","0 days 00:01:27.704000","20","MEDIUM","1"
"BOT","Alfa Romeo","7","0 days 00:01:28.065000","20","MEDIUM","1"
"BOT","Alfa Romeo","8","0 days 00:01:28.043000","19","MEDIUM","1"
"BOT","Alfa Romeo","9","0 days 00:01:28.987000","19","MEDIUM","1"
"BOT","Alfa Romeo","10","0 days 00:01:27.942000","19","MEDIUM","1"
"BOT","Alfa Romeo","11","0 days 00:01:28.315000","18","MEDIUM","126"
"BOT","Alfa Romeo","12","0 days 00:01:50.882000","18","MEDIUM","671"
"BOT","Alfa Romeo","13","0 days 00:01:27.509000","18","MEDIUM","1"
"BOT","Alfa Romeo","14","0 days 00:01:27.992000","18","MEDIUM","1"
"BOT","Alfa Romeo","15","0 days 00:01:28.072000","17","MEDIUM","1"
"BOT","Alfa Romeo","16","0 days 00:01:28.411000","17","MEDIUM","1"
"BOT","Alfa Romeo","17","0 days 00:01:27.570000","17","MEDIUM","1"
"BOT","Alfa Romeo","18","0 days 00:01:27.434000","16","MEDIUM","1"
"BOT","Alfa Romeo","19","0 days 00:01:27.491000","13","MEDIUM","1"
"BOT","Alfa Romeo","20","0 days 00:01:27.637000","9","MEDIUM","1"
"BOT","Alfa Romeo","21","0 days 00:01:27.669000","9","MEDIUM","1"
"BOT","Alfa Romeo","22","0 days 00:01:28.688000","10","MEDIUM","1"
"BOT","Alfa Romeo","23","0 days 00:01:27.671000","10","MEDIUM","1"
"BOT","Alfa Romeo","24","0 days 00:01:27.827000","10","MEDIUM","1"
"BOT","Alfa Romeo","25","0 days 00:01:27.549000","10","MEDIUM","1"
"BOT","Alfa Romeo","26","0 days 00:01:27.771000","10","MEDIUM","1"
"BOT","Alfa Romeo","27","0 days 00:01:27.813000","10","MEDIUM","1"
"BOT","Alfa Romeo","28","0 days 00:01:27.648000","10","MEDIUM","1"
"BOT","Alfa Romeo","29","0 days 00:01:28.377000","10","MEDIUM","1"
"BOT","Alfa Romeo","30","0 days 00:01:27.303000","10","MEDIUM","1"
"BOT","Alfa Romeo","31","0 days 00:01:27.602000","10","MEDIUM","1"
"BOT","Alfa Romeo","32","0 days 00:01:27.322000","9","MEDIUM","1"
"BOT","Alfa Romeo","33","0 days 00:01:27.182000","8","MEDIUM","1"
"BOT","Alfa Romeo","34","0 days 00:01:26.993000","7","MEDIUM","1"
"BOT","Alfa Romeo","35","0 days 00:01:31.014000","11","MEDIUM","1"
"BOT","Alfa Romeo","36","0 days 00:01:46.684000","17","SOFT","1"
"BOT","Alfa Romeo","37","0 days 00:01:26.481000","16","SOFT","1"
"BOT","Alfa Romeo","38","0 days 00:01:26.105000","16","SOFT","1"
"BOT","Alfa Romeo","39","0 days 00:01:26.123000","16","SOFT","1"
"BOT","Alfa Romeo","40","0 days 00:01:26.104000","16","SOFT","1"
"BOT","Alfa Romeo","41","0 days 00:01:26.356000","16","SOFT","1"
"BOT","Alfa Romeo","42","0 days 00:01:26.197000","15","SOFT","1"
"BOT","Alfa Romeo","43","0 days 00:01:26.250000","15","SOFT","1"
"BOT","Alfa Romeo","44","0 days 00:01:26.062000","15","SOFT","1"
"BOT","Alfa Romeo","45","0 days 00:01:25.706000","15","SOFT","1"
"BOT","Alfa Romeo","46","0 days 00:01:26.749000","14","SOFT","12"
"BOT","Alfa Romeo","47","0 days 00:01:54.237000","13","SOFT","24"
"BOT","Alfa Romeo","48","0 days 00:01:58.624000","13","SOFT","4"
"BOT","Alfa Romeo","49","0 days 00:01:44.343000","13","SOFT","4"
"BOT","Alfa Romeo","50","0 days 00:02:11.878000","13","SOFT","4"
"BOT","Alfa Romeo","51","0 days 00:02:23.805000","13","SOFT","4"
"BOT","Alfa Romeo","52","0 days 00:02:12.057000","13","SOFT","4"
